{"x": [-1741.572461243843, -1519.1277448038718, -1152.7742344573455, -828.0, -511.39477475882535, -226.33514530506957, 84.9404568118217, 571.0, 951.0, 1625.9324754653035, 2229.2972245605333, 3051.0, 3446.196915957313, 4034.0, 4347.0, 4595.361654614868, 4853.0, 5086.0, 5255.898012870357, 5346.0, 5390.407096760638, 5413.0, 5539.0, 5660.0, 5838.0, 5966.0, 6078.345729078453, 6194.253065432593, 6274.992628645658, 6330.0, 6303.0, 6177.3718910059, 5931.0, 5608.0, 5111.112967761538, 4789.0, 4410.0, 3916.0, 3659.0, 3199.8852478785675, 2829.4430939672093, 2240.14574251393, 1855.0, 1459.9088038116654, 1142.1696887863877, 699.0114852589879, 433.0, 279.75636234562694, 205.0, 177.44776628810524, 121.5596167511178, -72.23223754491568, -381.0, -551.0, -703.0, -777.0, -740.0, -649.0, -455.12465979441197, -313.8470342736614, -32.76220082713838, 249.0, 792.0, 1170.0, 1589.5611890074217, 2251.4478272117663, 2739.0, 3292.0, 3670.610629403358, 4228.0, 4825.0, 5378.211392930441, 5792.0, 6223.116998820506, 6438.0, 6686.0, 6798.457442513711, 6867.372965787207, 6954.297422770537, 6982.0, 6994.0, 7069.1914359470575, 7161.713077267507, 7359.409421745973, 7512.467780643594, 7531.0, 7447.947118696223, 7345.0, 7328.341643919816, 7537.0, 7737.0, 7784.834818136358, 7706.0, 7383.0, 7012.15264982637, 6674.0, 6402.225889652679, 6130.029896610791, 5921.0, 5664.323035623517, 5418.0, 5242.0, 4960.1711159356, 4761.0, 4478.352474418881, 4250.0, 4041.0, 3734.004397015783, 3505.5272417030956, 3213.003105320959, 2908.0, 2468.352090083445, 2093.0, 1628.508388993119, 1299.0, 1161.7369372055373, 861.0, 470.56432395175426, 221.23199046777086, -132.7044236287316, -420.9634923060231, -635.0, -802.8777918651792, -1014.8754071741156, -1181.0, -1344.0, -1521.0, -1702.2037012205997, -1925.5464011583013, -2069.0, -2211.1824188401188, -2301.0, -2306.8598693266176, -2224.3162177093946, -2000.0, -1741.9832860213717], "y": [1229.5897281486436, 1514.0931624285859, 2000.2734253177182, 2447.0, 2894.9624588628685, 3322.7144310872563, 3753.018178321987, 4265.0, 4456.0, 4516.221095131561, 4470.617516985294, 4536.0, 4746.254354774351, 5289.0, 5577.0, 5780.761686246758, 5899.0, 5870.0, 5746.716831858053, 5573.0, 5306.145452581367, 5124.0, 4867.0, 4765.0, 4741.0, 4835.0, 4977.331506460345, 5215.451799331477, 5486.852650384746, 5833.0, 6221.0, 6595.32323897509, 6962.0, 7261.0, 7649.657768230001, 7922.0, 8248.0, 8671.0, 8896.0, 9299.455302980525, 9623.349202073492, 10139.608303512745, 10485.0, 10785.30100388831, 10922.258460243394, 10936.215994479177, 10808.0, 10596.821273012325, 10377.0, 9980.850113829887, 9751.52003616991, 9524.42459019756, 9444.0, 9525.0, 9720.0, 10056.0, 10358.0, 10639.0, 11040.526359826299, 11288.792911331266, 11672.352939018147, 11965.0, 12376.0, 12550.0, 12679.353556041386, 12793.662782906298, 12847.0, 12904.0, 12945.780738236142, 13011.0, 13088.0, 13108.167788918281, 12998.0, 12705.85722250894, 12431.0, 11797.0, 11327.889723315804, 10954.649738197253, 10160.088101656926, 9528.0, 9129.0, 8523.141879315084, 8165.815455155183, 7619.81077864067, 7156.966876813777, 6802.0, 6341.145531944361, 5867.0, 5519.3024337030165, 4954.0, 4579.0, 4200.43154640432, 3922.0, 3502.0, 3291.8523311611043, 3023.0, 2704.701618289496, 2260.363568320885, 1842.0, 1310.6027051017725, 794.0, 429.0, -153.90269320387011, -569.0, -1150.831524872487, -1615.0, -2034.0, -2624.670823191428, -3043.1807003770714, -3507.1639945931224, -3855.0, -4098.39657197528, -4104.0, -3897.7753066036703, -3514.0, -3267.3487478871693, -2759.0, -2227.896791380666, -1901.6091118092788, -1488.9685129967884, -1166.5531437136267, -984.0, -918.2671720268618, -921.5032657620491, -1010.0, -1120.0, -1152.0, -1109.30134838204, -965.1193776120383, -795.0, -550.4329071583562, -223.0, 122.68623396493581, 478.9994753898728, 875.0, 1229.2448149129452]}